<?xml version='1.0' encoding='UTF-8'?>
<?artifactRepository version='1.1.0'?>
<repository name='file:/C:/Users/arora/AnypointStudio/RAML/rest-connector/target/update-site/ - artifacts' type='org.eclipse.equinox.p2.artifact.repository.simpleRepository' version='1'>
  <properties size='2'>
    <property name='p2.timestamp' value='1499675446470'/>
    <property name='p2.compressed' value='false'/>
  </properties>
  <mappings size='3'>
    <rule filter='(&amp; (classifier=osgi.bundle))' output='${repoUrl}/plugins/${id}_${version}.jar'/>
    <rule filter='(&amp; (classifier=binary))' output='${repoUrl}/binary/${id}_${version}'/>
    <rule filter='(&amp; (classifier=org.eclipse.update.feature))' output='${repoUrl}/features/${id}_${version}.jar'/>
  </mappings>
  <artifacts size='2'>
    <artifact classifier='org.eclipse.update.feature' id='org.mule.tooling.ui.extension.rest-connector.3.5.0' version='1.0.0.201707101400'>
      <properties size='4'>
        <property name='artifact.size' value='646'/>
        <property name='download.size' value='646'/>
        <property name='download.md5' value='3f83d56752940de84e0d302dfb79ad9b'/>
        <property name='download.contentType' value='application/zip'/>
      </properties>
    </artifact>
    <artifact classifier='osgi.bundle' id='org.mule.tooling.ui.contribution.rest.3.5.0' version='1.0.0.201707101400'>
      <properties size='3'>
        <property name='artifact.size' value='330096'/>
        <property name='download.size' value='330096'/>
        <property name='download.md5' value='2191912a828e20a856d60291004328f9'/>
      </properties>
    </artifact>
  </artifacts>
</repository>
